mutation,sigma,family,onset_slow,onset_medium,onset_fast,range
L55P (TTR),0.97,TTR,42.50,38.33,35.00,7.50
D18G (TTR),0.97,TTR,45.00,40.00,36.00,9.00
A25T (TTR),0.97,TTR,46.00,40.67,36.40,9.60
Y114C (TTR),0.96,TTR,50.00,43.33,38.00,12.00
V30M (TTR),0.95,TTR,52.50,45.00,39.00,13.50
A36P (TTR),0.94,TTR,57.50,48.33,41.00,16.50
L58H (TTR),0.94,TTR,60.00,50.00,42.00,18.00
I84S (TTR),0.94,TTR,62.50,51.67,43.00,19.50
T60A (TTR),0.93,TTR,65.00,53.33,44.00,21.00
S50R (TTR),0.93,TTR,67.50,55.00,45.00,22.50
E54K (TTR),0.92,TTR,70.00,56.67,46.00,24.00
F64L (TTR),0.92,TTR,72.50,58.33,47.00,25.50
G47R (TTR),0.91,TTR,75.00,60.00,48.00,27.00
V122I (TTR),0.90,TTR,80.00,63.33,50.00,30.00
Y78F (TTR),0.90,TTR,82.50,65.00,51.00,31.50
H88R (TTR),0.89,TTR,85.00,66.67,52.00,33.00
E89K (TTR),0.89,TTR,87.50,68.33,53.00,34.50
V71A (TTR),0.88,TTR,90.00,70.00,54.00,36.00
R104H (TTR),0.87,TTR,95.00,73.33,56.00,39.00
A97S (TTR),0.86,TTR,100.00,76.67,58.00,42.00
G6S (TTR),0.85,TTR,105.00,80.00,60.00,45.00
V14A (TTR),0.84,TTR,107.50,81.67,61.00,46.50
Swedish (K670N/M671L),0.96,Aβ,47.50,41.67,37.00,10.50
Arctic (E693G),0.95,Aβ,52.50,45.00,39.00,13.50
Italian (E693K),0.95,Aβ,55.00,46.67,40.00,15.00
Iowa (D694N),0.95,Aβ,56.00,47.33,40.40,15.60
Dutch (E693Q),0.94,Aβ,57.50,48.33,41.00,16.50
Flemish (A692G),0.94,Aβ,60.00,50.00,42.00,18.00
Piedmont (L705V),0.93,Aβ,65.00,53.33,44.00,21.00
Osaka (E693Δ),0.96,Aβ,50.00,43.33,38.00,12.00
A673V,0.94,Aβ,62.50,51.67,43.00,19.50
H677R (English),0.93,Aβ,67.50,55.00,45.00,22.50
