variant,sigma_hdx,sigma_go,rank_hdx,rank_go,s2_mean,s2_std,clinical,S2_res1,S2_res2,S2_res3,S2_res4,S2_res5,S2_res6,S2_res7,S2_res8,S2_res9,S2_res10,S2_res11,S2_res12,S2_res13,S2_res14,S2_res15,S2_res16,S2_res17,S2_res18,S2_res19,S2_res20,S2_res21,S2_res22,S2_res23,S2_res24,S2_res25,S2_res26,S2_res27,S2_res28,S2_res29,S2_res30,S2_res31,S2_res32,S2_res33,S2_res34,S2_res35,S2_res36,S2_res37,S2_res38,S2_res39,S2_res40,S2_res41,S2_res42,sigma_local_res1,sigma_local_res2,sigma_local_res3,sigma_local_res4,sigma_local_res5,sigma_local_res6,sigma_local_res7,sigma_local_res8,sigma_local_res9,sigma_local_res10,sigma_local_res11,sigma_local_res12,sigma_local_res13,sigma_local_res14,sigma_local_res15,sigma_local_res16,sigma_local_res17,sigma_local_res18,sigma_local_res19,sigma_local_res20,sigma_local_res21,sigma_local_res22,sigma_local_res23,sigma_local_res24,sigma_local_res25,sigma_local_res26,sigma_local_res27,sigma_local_res28,sigma_local_res29,sigma_local_res30,sigma_local_res31,sigma_local_res32,sigma_local_res33,sigma_local_res34,sigma_local_res35,sigma_local_res36,sigma_local_res37,sigma_local_res38,sigma_local_res39,sigma_local_res40,sigma_local_res41,sigma_local_res42
WT,0.829921,0.85,2,1,0.6150,0.1479,reference,0.3500,0.3800,0.4200,0.4500,0.4800,0.4500,0.4300,0.4000,0.3800,0.4200,0.4500,0.5000,0.5200,0.5500,0.5300,0.5800,0.7200,0.7800,0.8200,0.8000,0.7500,0.6500,0.6000,0.5500,0.5800,0.6200,0.6500,0.6800,0.7200,0.7500,0.7800,0.8000,0.8200,0.8500,0.8200,0.7800,0.7500,0.7200,0.7000,0.6800,0.6200,0.5500,0.9100,0.9424,0.9744,0.9900,0.9984,0.9900,0.9804,0.9600,0.9424,0.9744,0.9900,1.0000,0.9984,0.9900,0.9964,0.9744,0.8064,0.6864,0.5904,0.6400,0.7500,0.9100,0.9600,0.9900,0.9744,0.9424,0.9100,0.8704,0.8064,0.7500,0.6864,0.6400,0.5904,0.5100,0.5904,0.6864,0.7500,0.8064,0.8400,0.8704,0.9424,0.9900
A2V,0.829079,0.92,1,5,0.6113,0.1535,"early-onset, aggressive",0.3200,0.3300,0.3900,0.4200,0.4650,0.4500,0.4300,0.4000,0.3800,0.4200,0.4500,0.5000,0.5200,0.5500,0.5300,0.5800,0.7200,0.7800,0.8200,0.8000,0.7500,0.6500,0.6000,0.5500,0.5800,0.6200,0.6500,0.6800,0.7200,0.7500,0.7800,0.8000,0.8200,0.8500,0.8200,0.7800,0.7500,0.7200,0.7000,0.6800,0.6200,0.5500,0.8861,0.9129,0.9705,0.9947,1.0059,0.9900,0.9804,0.9600,0.9424,0.9744,0.9900,1.0000,0.9984,0.9900,0.9964,0.9744,0.8064,0.6864,0.5904,0.6400,0.7500,0.9100,0.9600,0.9900,0.9744,0.9424,0.9100,0.8704,0.8064,0.7500,0.6864,0.6400,0.5904,0.5100,0.5904,0.6864,0.7500,0.8064,0.8400,0.8704,0.9424,0.9900
E22G (Arctic),0.944398,0.95,9,9,0.5624,0.1486,"early-onset, 50s",0.3500,0.3800,0.4200,0.4500,0.4800,0.4500,0.4300,0.4000,0.3800,0.4200,0.4500,0.5000,0.5200,0.5050,0.4400,0.4450,0.5400,0.6000,0.6400,0.6200,0.5700,0.4200,0.4200,0.3700,0.4000,0.4850,0.5600,0.6350,0.7200,0.7500,0.7800,0.8000,0.8200,0.8500,0.8200,0.7800,0.7500,0.7200,0.7000,0.6800,0.6200,0.5500,0.9100,0.9424,0.9744,0.9900,0.9984,0.9900,0.9804,0.9600,0.9424,0.9744,0.9900,1.0000,0.9984,1.0370,1.0572,1.1054,1.1880,1.1706,1.1430,1.1584,1.1829,1.1986,1.1364,1.0809,1.1166,1.1246,1.0733,0.9730,0.8064,0.7500,0.6864,0.6400,0.5904,0.5100,0.5904,0.6864,0.7500,0.8064,0.8400,0.8704,0.9424,0.9900
E22K (Italian),0.926419,0.94,7,7,0.5740,0.1433,"early-onset, 50s",0.3500,0.3800,0.4200,0.4500,0.4800,0.4500,0.4300,0.4000,0.3800,0.4200,0.4500,0.5000,0.5200,0.5500,0.4950,0.5100,0.6150,0.6400,0.6800,0.6600,0.6100,0.4700,0.4600,0.4100,0.4400,0.4800,0.5450,0.6100,0.6850,0.7500,0.7800,0.8000,0.8200,0.8500,0.8200,0.7800,0.7500,0.7200,0.7000,0.6800,0.6200,0.5500,0.9100,0.9424,0.9744,0.9900,0.9984,0.9900,0.9804,0.9600,0.9424,0.9744,0.9900,1.0000,0.9984,0.9900,1.0277,1.0605,1.0605,1.0854,1.0426,1.0656,1.1091,1.1719,1.1196,1.0831,1.1074,1.1286,1.0943,1.0230,0.9009,0.7500,0.6864,0.6400,0.5904,0.5100,0.5904,0.6864,0.7500,0.8064,0.8400,0.8704,0.9424,0.9900
E22Q (Dutch),0.854015,0.93,3,6,0.6067,0.1453,cerebral amyloid angiopathy,0.3500,0.3800,0.4200,0.4500,0.4800,0.4500,0.4300,0.4000,0.3800,0.4200,0.4500,0.5000,0.5200,0.5500,0.5300,0.5800,0.7200,0.7633,0.7867,0.7500,0.7000,0.6000,0.5500,0.5000,0.5467,0.6033,0.6500,0.6800,0.7200,0.7500,0.7800,0.8000,0.8200,0.8500,0.8200,0.7800,0.7500,0.7200,0.7000,0.6800,0.6200,0.5500,0.9100,0.9424,0.9744,0.9900,0.9984,0.9900,0.9804,0.9600,0.9424,0.9744,0.9900,1.0000,0.9984,0.9900,0.9964,0.9744,0.8064,0.7421,0.7123,0.8100,0.8963,1.0088,1.0350,1.0413,1.0203,0.9728,0.9100,0.8704,0.8064,0.7500,0.6864,0.6400,0.5904,0.5100,0.5904,0.6864,0.7500,0.8064,0.8400,0.8704,0.9424,0.9900
D23N (Iowa),0.872821,0.94,5,8,0.5886,0.1501,"early-onset, cerebral",0.3500,0.3800,0.4200,0.4500,0.4800,0.4500,0.4300,0.4000,0.3800,0.4200,0.4500,0.5000,0.5200,0.5500,0.5300,0.5800,0.7200,0.7800,0.8200,0.7600,0.6700,0.5300,0.4500,0.4300,0.4600,0.5000,0.5300,0.5600,0.6400,0.7100,0.7800,0.8000,0.8200,0.8500,0.8200,0.7800,0.7500,0.7200,0.7000,0.6800,0.6200,0.5500,0.9100,0.9424,0.9744,0.9900,0.9984,0.9900,0.9804,0.9600,0.9424,0.9744,0.9900,1.0000,0.9984,0.9900,0.9964,0.9744,0.8064,0.6864,0.5904,0.7776,0.9744,1.1134,1.1250,1.0794,1.0980,1.1116,1.1134,1.1080,1.0080,0.8686,0.6864,0.6400,0.5904,0.5100,0.5904,0.6864,0.7500,0.8064,0.8400,0.8704,0.9424,0.9900
A21G (Flemish),0.867669,0.91,4,4,0.6040,0.1427,cerebral hemorrhage,0.3500,0.3800,0.4200,0.4500,0.4800,0.4500,0.4300,0.4000,0.3800,0.4200,0.4500,0.5000,0.5200,0.5500,0.5300,0.5800,0.7000,0.7400,0.7600,0.7400,0.6500,0.5900,0.5400,0.5100,0.5600,0.6200,0.6500,0.6800,0.7200,0.7500,0.7800,0.8000,0.8200,0.8500,0.8200,0.7800,0.7500,0.7200,0.7000,0.6800,0.6200,0.5500,0.9100,0.9424,0.9744,0.9900,0.9984,0.9900,0.9804,0.9600,0.9424,0.9744,0.9900,1.0000,0.9984,0.9900,0.9964,0.9744,0.8616,0.8164,0.8034,0.8416,1.0225,1.0261,1.0476,1.0326,1.0030,0.9424,0.9100,0.8704,0.8064,0.7500,0.6864,0.6400,0.5904,0.5100,0.5904,0.6864,0.7500,0.8064,0.8400,0.8704,0.9424,0.9900
L34V (Piedmont),0.940903,0.96,8,10,0.5819,0.1205,cerebral amyloid angiopathy,0.3500,0.3800,0.4200,0.4500,0.4800,0.4500,0.4300,0.4000,0.3800,0.4200,0.4500,0.5000,0.5200,0.5500,0.5300,0.5800,0.7200,0.7800,0.8200,0.8000,0.7500,0.6500,0.6000,0.5500,0.5800,0.6200,0.6500,0.6800,0.7200,0.7000,0.6800,0.6500,0.6700,0.6600,0.6700,0.6300,0.6000,0.5700,0.6000,0.6300,0.6200,0.5500,0.9100,0.9424,0.9744,0.9900,0.9984,0.9900,0.9804,0.9600,0.9424,0.9744,0.9900,1.0000,0.9984,0.9900,0.9964,0.9744,0.8064,0.6864,0.5904,0.6400,0.7500,0.9100,0.9600,0.9900,0.9744,0.9424,0.9100,0.8704,0.8064,0.8963,0.9874,1.0900,1.0689,1.1399,1.0689,1.1079,1.1287,1.1424,1.0650,0.9834,0.9424,0.9900
V18A,0.895848,0.90,6,3,0.5950,0.1406,reduced aggregation,0.3500,0.3800,0.4200,0.4500,0.4800,0.4500,0.4300,0.4000,0.3800,0.4200,0.4500,0.5000,0.5200,0.5167,0.4633,0.4800,0.6200,0.6400,0.7200,0.7000,0.6500,0.5833,0.5667,0.5500,0.5800,0.6200,0.6500,0.6800,0.7200,0.7500,0.7800,0.8000,0.8200,0.8500,0.8200,0.7800,0.7500,0.7200,0.7000,0.6800,0.6200,0.5500,0.9100,0.9424,0.9744,0.9900,0.9984,0.9900,0.9804,0.9600,0.9424,0.9744,0.9900,1.0000,0.9984,1.0264,1.0476,1.0854,1.0504,1.0854,0.9294,0.9600,1.0225,1.0372,1.0122,0.9900,0.9744,0.9424,0.9100,0.8704,0.8064,0.7500,0.6864,0.6400,0.5904,0.5100,0.5904,0.6864,0.7500,0.8064,0.8400,0.8704,0.9424,0.9900
F19P,0.964618,0.88,10,2,0.5598,0.1503,"disrupts fibril, protective-like",0.3500,0.3800,0.4200,0.4500,0.4800,0.4500,0.4300,0.4000,0.3800,0.4200,0.4500,0.5000,0.5200,0.5500,0.4367,0.3933,0.4400,0.5000,0.4600,0.5200,0.4700,0.3700,0.4133,0.4567,0.5800,0.6200,0.6500,0.6800,0.7200,0.7500,0.7800,0.8000,0.8200,0.8500,0.8200,0.7800,0.7500,0.7200,0.7000,0.6800,0.6200,0.5500,0.9100,0.9424,0.9744,0.9900,0.9984,0.9900,0.9804,0.9600,0.9424,0.9744,0.9900,1.0000,0.9984,0.9900,1.0582,1.1169,1.2880,1.3276,1.4364,1.3344,1.3114,1.2054,1.1380,1.0695,0.9744,0.9424,0.9100,0.8704,0.8064,0.7500,0.6864,0.6400,0.5904,0.5100,0.5904,0.6864,0.7500,0.8064,0.8400,0.8704,0.9424,0.9900
