variant_APP,variant_Abeta,APP_pos,Abeta_pos,region,ESM1v_LLR,DynaMut2_DDG,sigma_ESM,sigma_DynaMut2,sigma_paper,paper_DDG,type
G696R,G25R,696,25,Abeta,-3.5205323696136475,0.51,0.8589597887026739,0.8383651836341814,1.117,2.87,VUS
D678H,D7H,678,7,Abeta,-3.450197696685791,0.08,0.8580915110794447,0.8245458019211803,1.094,2.33,VUS
G700E,G29E,700,29,Abeta,-4.678525924682617,-0.01,0.873382125205095,0.8216823279296486,1.089,2.21,VUS
K687E,K16E,687,16,Abeta,-3.3861727714538574,0.26,0.8573018900841389,0.830302721370558,1.088,2.19,VUS
G700D,G29D,700,29,Abeta,-4.130641937255859,0.37,0.8665285180182948,0.833840608003239,1.078,1.94,VUS
V695A,V24A,695,24,Abeta,-5.018160820007324,1.37,0.8776578861339533,0.8667026671025205,1.069,1.73,VUS
A692T,A21T,692,21,Abeta,-5.028465747833252,1.02,0.8777879444986698,0.8550561814233268,1.061,1.52,VUS
V689M,V18M,689,18,Abeta,-4.270414352416992,-0.06,0.8682718364764591,0.8200958081537909,1.056,1.42,VUS
V710F,V39F,710,39,Abeta,-4.08891487121582,0.13,0.8660087538634469,0.8261409304510936,1.056,1.42,VUS
G696S,G25S,696,25,Abeta,-3.02528977394104,0.02,0.852864682332247,0.8226357126354819,1.036,0.91,VUS
G709S,G38S,709,38,Abeta,-4.196476459503174,0.26,0.8673492059097053,0.830302721370558,1.036,0.91,VUS
V711L,V40L,711,40,Abeta,-2.901747941970825,0.01,0.8513509664256436,0.822317794886117,1.035,0.89,VUS
K687R,K16R,687,16,Abeta,-3.311650276184082,0.25,0.8563837173354516,0.829981840610806,1.029,0.73,VUS
V695I,V24I,695,24,Abeta,-3.720737934112549,0.23,0.8614361280032669,0.8293404510683967,1.027,0.68,VUS
V711I,V40I,711,40,Abeta,-3.814138412475586,-0.28,0.8625938379065383,0.8131514333921673,1.027,0.68,VUS
V710I,V39I,710,39,Abeta,-3.8748135566711426,-0.19,0.8633467469846747,0.8159851781394374,1.027,0.68,VUS
E682G,E11G,682,11,Abeta,-3.2195703983306885,1.04,0.8552505825945079,0.8557174588181903,1.014,0.35,VUS
A692V,A21V,692,21,Abeta,-4.451387405395508,0.82,0.8705342433982272,0.8484714484557238,1.011,0.29,VUS
G696V,G25V,696,25,Abeta,-2.3158278465270996,0.74,0.8442083927994888,0.8458517756146122,0.997,-0.08,VUS
L720R,N/A (outside Abeta),720,N/A,APP,,,,,1.007,3.06,VUS
I716T,N/A (outside Abeta),716,N/A,APP,,,,,1.005,2.57,VUS
T719P,N/A (outside Abeta),719,N/A,APP,,,,,1.005,2.31,VUS
M722K,N/A (outside Abeta),722,N/A,APP,,,,,1.005,2.3,VUS
V717A,N/A (outside Abeta),717,N/A,APP,,,,,1.004,1.73,VUS
T719N,N/A (outside Abeta),719,N/A,APP,,,,,1.003,1.36,VUS
A673T,A2T,673,2,Abeta,-3.9076690673828125,-0.23,0.8637547204997433,0.8147245188987837,,,protective
E693G,E22G,693,22,Abeta,-3.4242231845855713,0.91,0.8577710791371957,0.8514282796332081,,,pathogenic
E693Q,E22Q,693,22,Abeta,-5.222672939300537,0.23,0.8802426384603704,0.8293404510683967,,,pathogenic
D694N,D23N,694,23,Abeta,-4.682093620300293,0.77,0.873426931510288,0.8468332037394021,,,pathogenic
A692G,A21G,692,21,Abeta,-3.3867154121398926,0.81,0.8573085794311751,0.8481435461665935,,,pathogenic
E693K,E22K,693,22,Abeta,-4.733952522277832,0.3,0.8740784814809555,0.8315874854521036,,,pathogenic
